OBJECTNUMMER;Naam;Modaliteit;Lijn;Lijn_select;RADIUS;Label;WKT_LNG_LAT;WKT_LAT_LNG;LNG;LAT
1;Nieuwezijds Kolk;Tram;2 | 12 | 13 | 17;02|12|13|17;5;2 | 12 | 13 | 17 - Nieuwezijds Kolk;POINT(4.893344 52.376071);POINT(52.376071 4.893344);4.893.344;52.376.071
2;Surinameplein / Curaçaostraat;Tram;1 | 17 | 27;01|17|27;5;1 | 17 | 27 - Surinameplein / Curaçaostraat;POINT(4.853117 52.358384);POINT(52.358384 4.853117);4.853.117;52.358.384
3;Johan Huizingalaan;Tram;1 | 17 | 27;01|17|27;5;1 | 17 | 27 - Johan Huizingalaan;POINT(4.827325 52.357816);POINT(52.357816 4.827325);4.827.325;52.357.816
5;Prinsengracht;Tram;2 | 12;02|12;5;2 | 12 - Prinsengracht;POINT(4.884466 52.365024);POINT(52.365024 4.884466);4.884.466;52.365.024
6;Keizergracht;Tram;2 | 12;02|12;5;2 | 12 - Keizergracht;POINT(4.886446 52.365963);POINT(52.365963 4.886446);4.886.446;52.365.963
7;Koningsplein;Tram;2 | 12;02|12;5;2 | 12 - Koningsplein;POINT(4.8891545 52.3678894);POINT(52.3678894 4.8891545);48.891.545;523.678.894
8;Matterhorn;Tram;1;1;5;1 - Matterhorn;POINT(4.774775 52.353745);POINT(52.353745 4.774775);4.774.775;52.353.745
9;Pilatus;Tram;1;1;5;1 - Pilatus;POINT(4.776846 52.352917);POINT(52.352917 4.776846);4.776.846;52.352.917
10;Inarisstraat;Tram;1;1;5;1 - Inarisstraat;POINT(4.783287 52.350338);POINT(52.350338 4.783287);4.783.287;52.350.338
11;Baden Powellweg;Tram;1;1;5;1 - Baden Powellweg;POINT(4.794747 52.350985);POINT(52.350985 4.794747);4.794.747;52.350.985
12;Hoekenes;Tram;1;1;5;1 - Hoekenes;POINT(4.802256 52.352505);POINT(52.352505 4.802256);4.802.256;52.352.505
13;Louis Davidsstraat;Tram;1;1;5;1 - Louis Davidsstraat;POINT(4.808843 52.353897);POINT(52.353897 4.808843);4.808.843;52.353.897
14;Eerste Constantijn Huygensstraat / Overtoom;Tram;1 | 3;01|03;5;1 | 3 - Eerste Constantijn Huygensstraat / Overtoom;POINT(4.875287 52.362752);POINT(52.362752 4.875287);4.875.287;52.362.752
15;Rhijnvis Feithstraat;Tram;1;1;5;1 - Rhijnvis Feithstraat;POINT(4.860096 52.358968);POINT(52.358968 4.860096);4.860.096;52.358.968
16;Kruislaan;Tram;19;19;5;19 - Kruislaan;POINT(4.94019 52.347758);POINT(52.347758 4.94019);494.019;52.347.758
17;Brinkstraat;Tram;19;19;5;19 - Brinkstraat;POINT(4.947649 52.343074);POINT(52.343074 4.947649);4.947.649;52.343.074
18;Arent Krijtstraat;Tram;19;19;5;19 - Arent Krijtstraat;POINT(4.954533 52.33961);POINT(52.33961 4.954533);4.954.533;5.233.961
19;Diemerbrug;Tram;19;19;5;19 - Diemerbrug;POINT(4.9612609 52.3382985);POINT(52.3382985 4.9612609);49.612.609;523.382.985
21;Diemen Sniep;Tram;19;19;5;19 - Diemen Sniep;POINT(4.969577 52.336763);POINT(52.336763 4.969577);4.969.577;52.336.763
22;Dapperstraat;Tram;1 | 3;01|03;5;1 | 3 - Dapperstraat;POINT(4.929368 52.361019);POINT(52.361019 4.929368);4.929.368;52.361.019
23;Meer en Vaart;Tram;1 | 17 | 27;01|17|27;5;1 | 17 | 27 - Meer en Vaart;POINT(4.810137 52.356401);POINT(52.356401 4.810137);4.810.137;52.356.401
24;Derkinderenstraat;Tram;1 | 17 | 27;01|17|27;5;1 | 17 | 27 - Derkinderenstraat;POINT(4.840032 52.357957);POINT(52.357957 4.840032);4.840.032;52.357.957
25;Corantijnstraat;Tram;17;17;5;17 - Corantijnstraat;POINT(4.853279 52.361472);POINT(52.361472 4.853279);4.853.279;52.361.472
26;Postjesweg / Hoofdweg;Tram;7 | 17;07|17;5;7 | 17 - Postjesweg / Hoofdweg;POINT(4.8534365 52.364245);POINT(52.364245 4.8534365);48.534.365;52.364.245
27;Ten Katestraat;Tram;7 | 17;07|17;5;7 | 17 - Ten Katestraat;POINT(4.867544 52.365975);POINT(52.365975 4.867544);4.867.544;52.365.975
28;Kinkerstraat / Bilderdijkstraat;Tram;3 | 7 | 17;03|07|17;5;3 | 7 | 17 - Kinkerstraat / Bilderdijkstraat;POINT(4.872164 52.367246);POINT(52.367246 4.872164);4.872.164;52.367.246
29;Leidseplein;Tram;1 | 2 | 5 | 7 | 12 | 19;01|02|05|07|12|19;5;1 | 2 | 5 | 7 | 12 | 19 - Leidseplein;POINT(4.882348 52.363775);POINT(52.363775 4.882348);4.882.348;52.363.775
30;Ecuplein;Tram;1;1;5;1 - Ecuplein;POINT(4.788597 52.349776);POINT(52.349776 4.788597);4.788.597;52.349.776
31;J.P. Heijestraat;Tram;1;1;5;1 - J.P. Heijestraat;POINT(4.866245 52.360454);POINT(52.360454 4.866245);4.866.245;52.360.454
32;Van Hallstraat;Tram;3;3;5;3 - Van Hallstraat;POINT(4.869865 52.384237);POINT(52.384237 4.869865);4.869.865;52.384.237
33;Nieuwe Willemsstraat;Tram;5;5;5;5 - Nieuwe Willemsstraat;POINT(4.881058 52.381498);POINT(52.381498 4.881058);4.881.058;52.381.498
34;Azartplein;Tram;7;7;5;7 - Azartplein;POINT(4.937331 52.376743);POINT(52.376743 4.937331);4.937.331;52.376.743
35;Plein `40-`45;Tram;7;7;5;7 - Plein `40-`45;POINT(4.821459 52.381325);POINT(52.381325 4.821459);4.821.459;52.381.325
36;Van Limburg Stirumstraat;Tram;3;3;5;3 - Van Limburg Stirumstraat;POINT(4.875041 52.384362);POINT(52.384362 4.875041);4.875.041;52.384.362
37;Eerste Coehoornstraat;Tram;7;7;5;7 - Eerste Coehoornstraat;POINT(4.926459 52.368273);POINT(52.368273 4.926459);4.926.459;52.368.273
38;C. van Eesterenlaan;Tram;7;7;5;7 - C. van Eesterenlaan;POINT(4.938455 52.373506);POINT(52.373506 4.938455);4.938.455;52.373.506
39;K. `s-Gravesandestraat;Tram;1 | 7 | 19;01|07|19;5;1 | 7 | 19 - K. `s-Gravesandestraat;POINT(4.91432 52.362487);POINT(52.362487 4.91432);491.432;52.362.487
40;Vijzelgracht /Weteringcircuit;Tram;1 | 7 | 19 | 24 | 52;01|07|19|24|52;5;1 | 7 | 19 | 24 | 52 - Vijzelgracht /Weteringcircuit;POINT(4.890943 52.359632);POINT(52.359632 4.890943);4.890.943;52.359.632
41;Rijksmuseum;Tram;1 | 7 | 19;01|07|19;5;1 | 7 | 19 - Rijksmuseum;POINT(4.887386 52.3608311);POINT(52.3608311 4.887386);4.887.386;523.608.311
42;Haarlemmerplein;Tram;_;_;5;_ - Haarlemmerplein;POINT(4.883588 52.385044);POINT(52.385044 4.883588);4.883.588;52.385.044
43;De Wittenkade;Tram;3;3;5;3 - De Wittenkade;POINT(4.877048 52.383185);POINT(52.383185 4.877048);4.877.048;52.383.185
44;Nassaukade;Tram;3;3;5;3 - Nassaukade;POINT(4.879189 52.38114);POINT(52.38114 4.879189);4.879.189;5.238.114
45;Alexanderplein;Tram;7 | 14 | 19;07|14|19;5;7 | 14 | 19 - Alexanderplein;POINT(4.918929 52.363606);POINT(52.363606 4.918929);4.918.929;52.363.606
46;Hoogte Kadijk;Tram;7;7;5;7 - Hoogte Kadijk;POINT(4.924559 52.366772);POINT(52.366772 4.924559);4.924.559;52.366.772
47;Eerste Leeghwaterstraat;Tram;7;7;5;7 - Eerste Leeghwaterstraat;POINT(4.929691 52.370258);POINT(52.370258 4.929691);4.929.691;52.370.258
48;Rietlandpark;Tram;7 | 26;07|26;5;7 | 26 - Rietlandpark;POINT(4.934361 52.372899);POINT(52.372899 4.934361);4.934.361;52.372.899
49;Willem de Zwijerlaan;Tram;13 | 19;13|19;5;13 | 19 - Willem de Zwijerlaan;POINT(4.863925 52.370537);POINT(52.370537 4.863925);4.863.925;52.370.537
51;De Pijp;Tram;3 | 12 | 24 | 52;03|12|24|52;5;3 | 12 | 24 | 52 - De Pijp;POINT(4.891107 52.35279);POINT(52.35279 4.891107);4.891.107;5.235.279
52;Wiltzanghlaan;Tram;19;19;5;19 - Wiltzanghlaan;POINT(4.851309 52.382574);POINT(52.382574 4.851309);4.851.309;52.382.574
53;Molenwerf;Tram;19;19;5;19 - Molenwerf;POINT(4.846416 52.385888);POINT(52.385888 4.846416);4.846.416;52.385.888
54;Scheldestraat;Tram;12;12;5;12 - Scheldestraat;POINT(4.891162 52.347345);POINT(52.347345 4.891162);4.891.162;52.347.345
55;Europaplein;Tram;4 | 52;04|52;5;4 | 52 - Europaplein;POINT(4.891987 52.340218);POINT(52.340218 4.891987);4.891.987;52.340.218
56;Waalstraat;Tram;4;4;5;4 - Waalstraat;POINT(4.900811 52.344529);POINT(52.344529 4.900811);4.900.811;52.344.529
57;Maasstraat;Tram;4;4;5;4 - Maasstraat;POINT(4.89659 52.342999);POINT(52.342999 4.89659);489.659;52.342.999
58;Dintelstraat;Tram;4;4;5;4 - Dintelstraat;POINT(4.89304 52.34191);POINT(52.34191 4.89304);489.304;5.234.191
59;Amstelveen Stadshart;Tram;5;5;5;5 - Amstelveen Stadshart;POINT(4.867279 52.301255);POINT(52.301255 4.867279);4.867.279;52.301.255
60;Marco Polostraat;Tram;13;13;5;13 - Marco Polostraat;POINT(4.85536 52.37092);POINT(52.37092 4.85536);485.536;5.237.092
61;Jan van Galenstraat;Tram;19;19;5;19 - Jan van Galenstraat;POINT(4.85856 52.37469);POINT(52.37469 4.85856);485.856;5.237.469
62;Rozengracht / Marnixstraat;Tram;5 | 13 | 17 | 19;05|13|17|19;5;5 | 13 | 17 | 19 - Rozengracht / Marnixstraat;POINT(4.875884 52.37218);POINT(52.37218 4.875884);4.875.884;5.237.218
63;Roelof Hartplein;Tram;3 | 5 | 12 | 24;03|05|12|24;5;3 | 5 | 12 | 24 - Roelof Hartplein;POINT(4.882355 52.352858);POINT(52.352858 4.882355);4.882.355;52.352.858
64;Bos en Lommerweg;Tram;19;19;5;19 - Bos en Lommerweg;POINT(4.854869 52.380563);POINT(52.380563 4.854869);4.854.869;52.380.563
65;Maasstraat;Tram;12;12;5;12 - Maasstraat;POINT(4.895126 52.346939);POINT(52.346939 4.895126);4.895.126;52.346.939
66;Waalstraat;Tram;12;12;5;12 - Waalstraat;POINT(4.899972 52.346697);POINT(52.346697 4.899972);4.899.972;52.346.697
67;Cornelis Troostplein / Van Hillegaertstraat;Tram;12;12;5;12 - Cornelis Troostplein / Van Hillegaertstraat;POINT(4.891543 52.350197);POINT(52.350197 4.891543);4.891.543;52.350.197
68;Dam / Paleisstraat;Tram;2 | 12 | 13 | 17;02|12|13|17;5;2 | 12 | 13 | 17 - Dam / Paleisstraat;POINT(4.890512 52.373161);POINT(52.373161 4.890512);4.890.512;52.373.161
69;Burg. Van Leeuwenlaan;Tram;13;13;5;13 - Burg. Van Leeuwenlaan;POINT(4.812448 52.376429);POINT(52.376429 4.812448);4.812.448;52.376.429
70;Burg. Fockstraat;Tram;7;7;5;7 - Burg. Fockstraat;POINT(4.832243 52.379721);POINT(52.379721 4.832243);4.832.243;52.379.721
71;Burg.Eliasstraat;Tram;7;7;5;7 - Burg.Eliasstraat;POINT(4.826824 52.380571);POINT(52.380571 4.826824);4.826.824;52.380.571
72;Burg. Rendorpstraat;Tram;13;13;5;13 - Burg. Rendorpstraat;POINT(4.827313 52.374411);POINT(52.374411 4.827313);4.827.313;52.374.411
73;Admiraal Helfrichstraat;Tram;13;13;5;13 - Admiraal Helfrichstraat;POINT(4.844117 52.369434);POINT(52.369434 4.844117);4.844.117;52.369.434
75;Dr. H. Colijnstraat;Tram;13;13;5;13 - Dr. H. Colijnstraat;POINT(4.806463 52.376945);POINT(52.376945 4.806463);4.806.463;52.376.945
76;Lambertus Zijlplein;Tram;13;13;5;13 - Lambertus Zijlplein;POINT(4.803269 52.377261);POINT(52.377261 4.803269);4.803.269;52.377.261
77;Mercatorplein;Tram;7 | 13;07|13;5;7 | 13 - Mercatorplein;POINT(4.850261 52.370039);POINT(52.370039 4.850261);4.850.261;52.370.039
78;Jan Voermanstraat;Tram;13;13;5;13 - Jan Voermanstraat;POINT(4.838204 52.369648);POINT(52.369648 4.838204);4.838.204;52.369.648
79;Sloterpark;Tram;7;7;5;7 - Sloterpark;POINT(4.818873 52.372849);POINT(52.372849 4.818873);4.818.873;52.372.849
80;Rembrandtplein;Tram;4 | 14;04|14;5;4 | 14 - Rembrandtplein;POINT(4.896573 52.366244);POINT(52.366244 4.896573);4.896.573;52.366.244
81;Artis;Tram;14;14;5;14 - Artis;POINT(4.91117 52.366628);POINT(52.366628 4.91117);491.117;52.366.628
83;Burg. Röellstraat / Slotermerlaan;Tram;7 | 13;07|13;5;7 | 13 - Burg. Röellstraat / Slotermerlaan;POINT(4.81902 52.375695);POINT(52.375695 4.81902);481.902;52.375.695
84;Flevopark;Tram;3 | 14;03|14;5;3 | 14 - Flevopark;POINT(4.951398 52.365172);POINT(52.365172 4.951398);4.951.398;52.365.172
85;Mr. Visserplein;Tram;14;14;5;14 - Mr. Visserplein;POINT(4.905698 52.367822);POINT(52.367822 4.905698);4.905.698;52.367.822
86;Eerste Van Swindenstraat;Tram;19;19;5;19 - Eerste Van Swindenstraat;POINT(4.92398 52.361919);POINT(52.361919 4.92398);492.398;52.361.919
87;Linnaeusstraat / Wijttenbachstraat;Tram;1 | 3 | 19;01|03|19;5;1 | 3 | 19 - Linnaeusstraat / Wijttenbachstraat;POINT(4.925295 52.360018);POINT(52.360018 4.925295);4.925.295;52.360.018
88;Insulindeweg;Tram;3 | 14;03|14;5;3 | 14 - Insulindeweg;POINT(4.947752 52.364873);POINT(52.364873 4.947752);4.947.752;52.364.873
89;Jan Tooropstraat;Tram;13;13;5;13 - Jan Tooropstraat;POINT(4.838105 52.371488);POINT(52.371488 4.838105);4.838.105;52.371.488
90;Bos en Lommerplein;Tram;7;7;5;7 - Bos en Lommerplein;POINT(4.845748 52.377877);POINT(52.377877 4.845748);4.845.748;52.377.877
91;Soembawastraat;Tram;3 | 14;03|14;5;3 | 14 - Soembawastraat;POINT(4.943723 52.362213);POINT(52.362213 4.943723);4.943.723;52.362.213
92;Molukkenstraat;Tram;3 | 14;03|14;5;3 | 14 - Molukkenstraat;POINT(4.940094 52.361697);POINT(52.361697 4.940094);4.940.094;52.361.697
93;Hogeweg;Tram;19;19;5;19 - Hogeweg;POINT(4.930963 52.353489);POINT(52.353489 4.930963);4.930.963;52.353.489
94;Hugo de Vrieslaan;Tram;19;19;5;19 - Hugo de Vrieslaan;POINT(4.935164 52.350859);POINT(52.350859 4.935164);4.935.164;52.350.859
95;Pontanusstraat;Tram;14;14;5;14 - Pontanusstraat;POINT(4.927672 52.365925);POINT(52.365925 4.927672);4.927.672;52.365.925
96;Zeeburgerdijk;Tram;14;14;5;14 - Zeeburgerdijk;POINT(4.932676 52.365812);POINT(52.365812 4.932676);4.932.676;52.365.812
97;Javaplein;Tram;14;14;5;14 - Javaplein;POINT(4.937667 52.364327);POINT(52.364327 4.937667);4.937.667;52.364.327
98;Dam;Tram;4 | 14 | 24;04|14|24;5;4 | 14 | 24 - Dam;POINT(4.894051 52.373816);POINT(52.373816 4.894051);4.894.051;52.373.816
99;Rokin;Tram;4 | 14 | 24 | 52;04|14|24|52;5;4 | 14 | 24 | 52 - Rokin;POINT(4.892378 52.3698);POINT(52.3698 4.892378);4.892.378;523.698
101;Marie Heinekenplein;Tram;24;24;5;24 - Marie Heinekenplein;POINT(4.890701 52.357072);POINT(52.357072 4.890701);4.890.701;52.357.072
102;IJsbaanpad;Tram;24;24;5;24 - IJsbaanpad;POINT(4.857697 52.341126);POINT(52.341126 4.857697);4.857.697;52.341.126
103;Concertgebouw;Tram;3 | 5 | 12;03|05|12;5;3 | 5 | 12 - Concertgebouw;POINT(4.8796365 52.3566715);POINT(52.3566715 4.8796365);48.796.365;523.566.715
104;Dijkgraafplein;Tram;17 | 27;17|27;5;17 | 27 - Dijkgraafplein;POINT(4.786911 52.355548);POINT(52.355548 4.786911);4.786.911;52.355.548
105;Baden Powellweg;Tram;17 | 27;17|27;5;17 | 27 - Baden Powellweg;POINT(4.791584 52.356492);POINT(52.356492 4.791584);4.791.584;52.356.492
106;Hoekenes;Tram;17 | 27;17|27;5;17 | 27 - Hoekenes;POINT(4.799095 52.358004);POINT(52.358004 4.799095);4.799.095;52.358.004
107;Osdorpplein West;Tram;17 | 27;17|27;5;17 | 27 - Osdorpplein West;POINT(4.803203 52.359418);POINT(52.359418 4.803203);4.803.203;52.359.418
108;Osdorpplein Oost;Tram;17 | 27;17|27;5;17 | 27 - Osdorpplein Oost;POINT(4.807557 52.359622);POINT(52.359622 4.807557);4.807.557;52.359.622
109;Elandsgracht;Tram;5 | 7 | 17 | 19;05|07|17|19;5;5 | 7 | 17 | 19 - Elandsgracht;POINT(4.877952 52.368807);POINT(52.368807 4.877952);4.877.952;52.368.807
110;De Clercqstraat / Bilderdijkstraat;Tram;3 | 13 | 19;03|13|19;5;3 | 13 | 19 - De Clercqstraat / Bilderdijkstraat;POINT(4.870333 52.370886);POINT(52.370886 4.870333);4.870.333;52.370.886
111;Amstelveenseweg;Tram;2;2;5;2 - Amstelveenseweg;POINT(4.856596 52.35151);POINT(52.35151 4.856596);4.856.596;5.235.151
112;Westlandgracht;Tram;2;2;5;2 - Westlandgracht;POINT(4.845329 52.351584);POINT(52.351584 4.845329);4.845.329;52.351.584
113;Laan van Vlaanderen;Tram;2;2;5;2 - Laan van Vlaanderen;POINT(4.816059 52.346463);POINT(52.346463 4.816059);4.816.059;52.346.463
114;Centrum Nieuw Sloten;Tram;2;2;5;2 - Centrum Nieuw Sloten;POINT(4.81092 52.34636);POINT(52.34636 4.81092);481.092;5.234.636
115;Oudenaardeplantsoen;Tram;2;2;5;2 - Oudenaardeplantsoen;POINT(4.803954 52.344996);POINT(52.344996 4.803954);4.803.954;52.344.996
116;Cornelis Schuytstraat;Tram;2;2;5;2 - Cornelis Schuytstraat;POINT(4.8707 52.356018);POINT(52.356018 4.8707);48.707;52.356.018
117;Valeriusplein;Tram;2;2;5;2 - Valeriusplein;POINT(4.863504 52.353226);POINT(52.353226 4.863504);4.863.504;52.353.226
118;Delflandlaan;Tram;2;2;5;2 - Delflandlaan;POINT(4.840877 52.351551);POINT(52.351551 4.840877);4.840.877;52.351.551
119;Louwesweg;Tram;2;2;5;2 - Louwesweg;POINT(4.824626 52.346694);POINT(52.346694 4.824626);4.824.626;52.346.694
120;Johan Huizingalaan;Tram;2;2;5;2 - Johan Huizingalaan;POINT(4.827477 52.349164);POINT(52.349164 4.827477);4.827.477;52.349.164
121;Hoofddorpplein;Tram;2;2;5;2 - Hoofddorpplein;POINT(4.849935 52.351309);POINT(52.351309 4.849935);4.849.935;52.351.309
122;Van Baerlestraat;Tram;3;3;5;3 - Van Baerlestraat;POINT(4.878272 52.3585511);POINT(52.3585511 4.878272);4.878.272;523.585.511
123;Prinses Irenestraat;Tram;5;5;5;5 - Prinses Irenestraat;POINT(4.876771 52.342904);POINT(52.342904 4.876771);4.876.771;52.342.904
124;Stadionweg / Beethovenstraat;Tram;5 | 24;05|24;5;5 | 24 - Stadionweg / Beethovenstraat;POINT(4.876902 52.347097);POINT(52.347097 4.876902);4.876.902;52.347.097
125;Minervaplein;Tram;24;24;5;24 - Minervaplein;POINT(4.872528 52.346736);POINT(52.346736 4.872528);4.872.528;52.346.736
126;IJburg;Tram;26;26;5;26 - IJburg;POINT(5.004301 52.35095);POINT(52.35095 5.004301);5.004.301;5.235.095
127;Oostpoort;Tram;19;19;5;19 - Oostpoort;POINT(4.927077 52.357213);POINT(52.357213 4.927077);4.927.077;52.357.213
128;Muziekgebouw Bimhuis;Tram;26;26;5;26 - Muziekgebouw Bimhuis;POINT(4.913021 52.377247);POINT(52.377247 4.913021);4.913.021;52.377.247
129;Kattenburgerstraat;Tram;26;26;5;26 - Kattenburgerstraat;POINT(4.921578 52.376122);POINT(52.376122 4.921578);4.921.578;52.376.122
130;Zuiderzeeweg;Tram;26;26;5;26 - Zuiderzeeweg;POINT(4.96151 52.372026);POINT(52.372026 4.96151);496.151;52.372.026
131;Steigereiland;Tram;26;26;5;26 - Steigereiland;POINT(4.980435 52.362993);POINT(52.362993 4.980435);4.980.435;52.362.993
132;Vennepluimstraat;Tram;26;26;5;26 - Vennepluimstraat;POINT(4.990809 52.357584);POINT(52.357584 4.990809);4.990.809;52.357.584
133;Diemerparklaan;Tram;26;26;5;26 - Diemerparklaan;POINT(4.995222 52.355237);POINT(52.355237 4.995222);4.995.222;52.355.237
134;Lumièrestraat;Tram;26;26;5;26 - Lumièrestraat;POINT(4.99964 52.352886);POINT(52.352886 4.99964);499.964;52.352.886
135;Zoutkeetsgracht;Tram;_;_;5;_ - Zoutkeetsgracht;POINT(4.885239 52.388067);POINT(52.388067 4.885239);4.885.239;52.388.067
136;Beukenweg;Tram;1 | 3;01|03;5;1 | 3 - Beukenweg;POINT(4.91704 52.358589);POINT(52.358589 4.91704);491.704;52.358.589
137;Marnixplein;Tram;5;5;5;5 - Marnixplein;POINT(4.8784651 52.377477);POINT(52.377477 4.8784651);48.784.651;52.377.477
138;Victorieplein;Tram;4 | 12;04|12;5;4 | 12 - Victorieplein;POINT(4.904905 52.346245);POINT(52.346245 4.904905);4.904.905;52.346.245
139;Wibautstraat;Tram;3;3;5;3 - Wibautstraat;POINT(4.909558 52.357323);POINT(52.357323 4.909558);4.909.558;52.357.323
140;Lutmastraat;Tram;4;4;5;4 - Lutmastraat;POINT(4.903209 52.351688);POINT(52.351688 4.903209);4.903.209;52.351.688
141;Amsteldijk;Tram;12;12;5;12 - Amsteldijk;POINT(4.910978 52.347096);POINT(52.347096 4.910978);4.910.978;52.347.096
142;Muiderpoortstation;Tram;1 | 3;01|03;5;1 | 3 - Muiderpoortstation;POINT(4.932956 52.360938);POINT(52.360938 4.932956);4.932.956;52.360.938
144;Fredrik Hendrikplantsoen;Tram;3;3;5;3 - Fredrik Hendrikplantsoen;POINT(4.875341 52.378542);POINT(52.378542 4.875341);4.875.341;52.378.542
145;Amstelkade;Tram;4;4;5;4 - Amstelkade;POINT(4.904193 52.349068);POINT(52.349068 4.904193);4.904.193;52.349.068
146;Camperstraat;Tram;3;3;5;3 - Camperstraat;POINT(4.913602 52.358356);POINT(52.358356 4.913602);4.913.602;52.358.356
147;Van Woustraat / Ceintuurbaan;Tram;3 | 4;03|04;5;3 | 4 - Van Woustraat / Ceintuurbaan;POINT(4.901243 52.354823);POINT(52.354823 4.901243);4.901.243;52.354.823
148;Tweede Van der Helststraat;Tram;3;3;5;3 - Tweede Van der Helststraat;POINT(4.894581 52.353255);POINT(52.353255 4.894581);4.894.581;52.353.255
149;Keizersgracht;Tram;4;4;5;4 - Keizersgracht;POINT(4.898296 52.363839);POINT(52.363839 4.898296);4.898.296;52.363.839
150;Prinsengracht;Tram;4;4;5;4 - Prinsengracht;POINT(4.898983 52.362122);POINT(52.362122 4.898983);4.898.983;52.362.122
151;Frederiksplein / Stadhouderskade;Tram;1 | 4 | 7 | 19;01|04|07|19;5;1 | 4 | 7 | 19 - Frederiksplein / Stadhouderskade;POINT(4.898756 52.359524);POINT(52.359524 4.898756);4.898.756;52.359.524
152;Station Zuid;Metro;5 | 25 | 50 | 51 | 52;05|25|50|51|52;7;5 | 25 | 50 | 51 | 52 - Station Zuid;POINT(4.873144 52.340165);POINT(52.340165 4.873144);4.873.144;52.340.165
153;A.J. Ernststraat;Tram;5 | 25;05|25;5;5 | 25 - A.J. Ernststraat;POINT(4.868837 52.33143);POINT(52.33143 4.868837);4.868.837;5.233.143
154;Parnassusweg;Tram;5 | 25;05|25;5;5 | 25 - Parnassusweg;POINT(4.868696 52.338103);POINT(52.338103 4.868696);4.868.696;52.338.103
155;Uilenstede;Tram;5 | 25;05|25;5;5 | 25 - Uilenstede;POINT(4.869149 52.321631);POINT(52.321631 4.869149);4.869.149;52.321.631
156;Olympisch Stadion;Tram;24;24;5;24 - Olympisch Stadion;POINT(4.856892 52.343958);POINT(52.343958 4.856892);4.856.892;52.343.958
158;Zonnestein;Tram;5 | 25;05|25;5;5 | 25 - Zonnestein;POINT(4.872228 52.312372);POINT(52.312372 4.872228);4.872.228;52.312.372
159;Onderuit;Tram;5 | 25;05|25;5;5 | 25 - Onderuit;POINT(4.872508 52.308284);POINT(52.308284 4.872508);4.872.508;52.308.284
161;Station Lelylaan;Metro;1 | 17 | 50 | 51;01|17|50|51;7;1 | 17 | 50 | 51 - Station Lelylaan;POINT(4.834373 52.357894);POINT(52.357894 4.834373);4.834.373;52.357.894
162;Isolatorweg;Metro;50 | 51;50|51;7;50 | 51 - Isolatorweg;POINT(4.85083 52.395182);POINT(52.395182 4.85083);485.083;52.395.182
163;Gein;Metro;50 | 54;50|54;7;50 | 54 - Gein;POINT(4.989227 52.296347);POINT(52.296347 4.989227);4.989.227;52.296.347
164;Overamstel;Metro;50 | 51;50|51;7;50 | 51 - Overamstel;POINT(4.917802 52.331754);POINT(52.331754 4.917802);4.917.802;52.331.754
165;Reigersbos;Metro;50 | 54;50|54;7;50 | 54 - Reigersbos;POINT(4.974164 52.295619);POINT(52.295619 4.974164);4.974.164;52.295.619
166;Station Sloterdijk;Metro;19 | 50 | 51;19|50|51;7;19 | 50 | 51 - Station Sloterdijk;POINT(4.838885 52.388603);POINT(52.388603 4.838885);4.838.885;52.388.603
167;Jan van Galenstraat;Metro;13 | 50 | 51;13|50|51;7;13 | 50 | 51 - Jan van Galenstraat;POINT(4.835498 52.373127);POINT(52.373127 4.835498);4.835.498;52.373.127
168;Burg. De Vlugtlaan;Metro;7 | 50 | 51;07|50|51;7;7 | 50 | 51 - Burg. De Vlugtlaan;POINT(4.83788 52.378837);POINT(52.378837 4.83788);483.788;52.378.837
169;Henk Sneevlietweg;Metro;50 | 51;50|51;7;50 | 51 - Henk Sneevlietweg;POINT(4.834481 52.346543);POINT(52.346543 4.834481);4.834.481;52.346.543
170;Heemstedestraat;Metro;2 | 50 | 51;02|50|51;7;2 | 50 | 51 - Heemstedestraat;POINT(4.834334 52.351505);POINT(52.351505 4.834334);4.834.334;52.351.505
171;Postjesweg;Metro;50 | 51;50|51;7;50 | 51 - Postjesweg;POINT(4.833949 52.364866);POINT(52.364866 4.833949);4.833.949;52.364.866
172;Amstelveenseweg;Metro;24 | 50 | 51;24|50|51;7;24 | 50 | 51 - Amstelveenseweg;POINT(4.857271 52.338394);POINT(52.338394 4.857271);4.857.271;52.338.394
173;Station RAI;Metro;4 | 50 | 51;04|50|51;7;4 | 50 | 51 - Station RAI;POINT(4.890724 52.337006);POINT(52.337006 4.890724);4.890.724;52.337.006
174;Strandvliet;Metro;50 | 54;50|54;7;50 | 54 - Strandvliet;POINT(4.941468 52.318424);POINT(52.318424 4.941468);4.941.468;52.318.424
175;Station Bijlmer ArenA;Metro;50 | 54;50|54;7;50 | 54 - Station Bijlmer ArenA;POINT(4.947191 52.312132);POINT(52.312132 4.947191);4.947.191;52.312.132
176;Bullewijk;Metro;50 | 54;50|54;7;50 | 54 - Bullewijk;POINT(4.952102 52.3068);POINT(52.3068 4.952102);4.952.102;523.068
177;Station Holendrecht;Metro;50 | 54;50|54;7;50 | 54 - Station Holendrecht;POINT(4.95998 52.298182);POINT(52.298182 4.95998);495.998;52.298.182
178;Station Duivendrecht;Metro;50 | 54;50|54;7;50 | 54 - Station Duivendrecht;POINT(4.936487 52.323607);POINT(52.323607 4.936487);4.936.487;52.323.607
179;De Boelelaan/VU;Tram;24;24;5;24 - De Boelelaan/VU;POINT(4.8683844 52.3349118);POINT(52.3349118 4.8683844);48.683.844;523.349.118
180;Van Boshuizenstraat;Tram;5 | 25;05|25;5;5 | 25 - Van Boshuizenstraat;POINT(4.868966 52.325405);POINT(52.325405 4.868966);4.868.966;52.325.405
181;Spaklerweg;Metro;51 | 53 | 54;51|53|54;7;51 | 53 | 54 - Spaklerweg;POINT(4.920966 52.340042);POINT(52.340042 4.920966);4.920.966;52.340.042
182;Centraal Station;Metro;2 | 4 | 12 | 13 | 14 | 17 | 24 | 26 | 51 | 52 | 53 | 54;02|04|12|13|14|17|24|26|51|52|53|54;7;2 | 4 | 12 | 13 | 14 | 17 | 24 | 26 | 51 | 52 | 53 | 54 - Centraal Station;POINT(4.899773 52.378027);POINT(52.378027 4.899773);4.899.773;52.378.027
183;Waterlooplein;Metro;14 | 51 | 53 | 54;14|51|53|54;7;14 | 51 | 53 | 54 - Waterlooplein;POINT(4.902401 52.367349);POINT(52.367349 4.902401);4.902.401;52.367.349
184;Weesperplein;Metro;1 | 7 | 19 | 51 | 53 | 54;01|07|19|51|53|54;7;1 | 7 | 19 | 51 | 53 | 54 - Weesperplein;POINT(4.907978 52.361173);POINT(52.361173 4.907978);4.907.978;52.361.173
185;Wibautstraat;Metro;51 | 53 | 54;51|53|54;7;51 | 53 | 54 - Wibautstraat;POINT(4.912123 52.354333);POINT(52.354333 4.912123);4.912.123;52.354.333
186;Olympiaweg;Tram;24;24;5;24 - Olympiaweg;POINT(4.858524 52.345272);POINT(52.345272 4.858524);4.858.524;52.345.272
187;Olympiaplein;Tram;24;24;5;24 - Olympiaplein;POINT(4.866257 52.34634);POINT(52.34634 4.866257);4.866.257;5.234.634
188;Gerrit van der Veenstraat;Tram;5 | 24;05|24;5;5 | 24 - Gerrit van der Veenstraat;POINT(4.877276 52.349099);POINT(52.349099 4.877276);4.877.276;52.349.099
189;Nieuwmarkt;Metro;51 | 53 | 54;51|53|54;7;51 | 53 | 54 - Nieuwmarkt;POINT(4.901301 52.37192);POINT(52.37192 4.901301);4.901.301;5.237.192
190;Amstelstation;Metro;12 | 51 | 53 | 54;12|51|53|54;7;12 | 51 | 53 | 54 - Amstelstation;POINT(4.918297 52.346663);POINT(52.346663 4.918297);4.918.297;52.346.663
191;Van der Madeweg;Metro;50 | 53 | 54;50|53|54;7;50 | 53 | 54 - Van der Madeweg;POINT(4.9303 52.329678);POINT(52.329678 4.9303);49.303;52.329.678
192;Verrijn Stuartweg;Metro;53;53;7;53 - Verrijn Stuartweg;POINT(4.966759 52.328624);POINT(52.328624 4.966759);4.966.759;52.328.624
193;Station Ganzenhoef;Metro;53;53;7;53 - Station Ganzenhoef;POINT(4.973044 52.323631);POINT(52.323631 4.973044);4.973.044;52.323.631
194;Kraaiennest station;Metro;53;53;7;53 - Kraaiennest station;POINT(4.979454 52.316618);POINT(52.316618 4.979454);4.979.454;52.316.618
195;Gaasperplas;Metro;53;53;7;53 - Gaasperplas;POINT(4.984549 52.311035);POINT(52.311035 4.984549);4.984.549;52.311.035
196;Venserpolder;Metro;53;53;7;53 - Venserpolder;POINT(4.946229 52.326737);POINT(52.326737 4.946229);4.946.229;52.326.737
197;Witte de Withstraat;Tram;7 | 17;07|17;5;7 | 17 - Witte de Withstraat;POINT(4.859676 52.364725);POINT(52.364725 4.859676);4.859.676;52.364.725
198;Willem Schoutenstraat;Tram;7;7;5;7 - Willem Schoutenstraat;POINT(4.852482 52.367174);POINT(52.367174 4.852482);4.852.482;52.367.174
199;Admiraal De Ruijterweg;Tram;13 | 19;13|19;5;13 | 19 - Admiraal De Ruijterweg;POINT(4.859967 52.371499);POINT(52.371499 4.859967);4.859.967;52.371.499
200;J.P. Heijestraat;Tram;7 | 17;07|17;5;7 | 17 - J.P. Heijestraat;POINT(4.862701 52.364811);POINT(52.364811 4.862701);4.862.701;52.364.811
201;Station Zuid;Tram;5 | 25 | 50 | 51 | 52;05|25|50|51|52;5;5 | 25 | 50 | 51 | 52 - Station Zuid;POINT(4.873144 52.340165);POINT(52.340165 4.873144);4.873.144;52.340.165
202;Station Lelylaan;Tram;1 | 17 | 27 | 50 | 51;01|17|27|50|51;5;1 | 17 | 27 | 50 | 51 - Station Lelylaan;POINT(4.834373 52.357894);POINT(52.357894 4.834373);4.834.373;52.357.894
203;Station Sloterdijjk;Tram;19 | 50 | 51;19|50|51;5;19 | 50 | 51 - Station Sloterdijjk;POINT(4.838885 52.388603);POINT(52.388603 4.838885);4.838.885;52.388.603
204;Jan van Galenstraat;Tram;13 | 50 | 51;13|50|51;5;13 | 50 | 51 - Jan van Galenstraat;POINT(4.835498 52.373127);POINT(52.373127 4.835498);4.835.498;52.373.127
205;Burg. De Vlugtlaan;Tram;7 | 50 | 51;07|50|51;5;7 | 50 | 51 - Burg. De Vlugtlaan;POINT(4.83788 52.378837);POINT(52.378837 4.83788);483.788;52.378.837
206;Heemstedestraat;Tram;2 | 50 | 51;02|50|51;5;2 | 50 | 51 - Heemstedestraat;POINT(4.834334 52.351505);POINT(52.351505 4.834334);4.834.334;52.351.505
207;Amstelveenseweg;Tram;24 | 50 | 51;24|50|51;5;24 | 50 | 51 - Amstelveenseweg;POINT(4.857271 52.338394);POINT(52.338394 4.857271);4.857.271;52.338.394
208;Station RAI;Tram;4 | 50 | 51;04|50|51;5;4 | 50 | 51 - Station RAI;POINT(4.890724 52.337006);POINT(52.337006 4.890724);4.890.724;52.337.006
209;Centraal Station;Tram;2 | 4 | 12 | 13 | 14 | 17 | 24 | 26 | 51 | 52 | 53 | 54;02|04|12|13|14|17|24|26|51|52|53|54;5;2 | 4 | 12 | 13 | 14 | 17 | 24 | 26 | 51 | 52 | 53 | 54 - Centraal Station;POINT(4.899773 52.378027);POINT(52.378027 4.899773);4.899.773;52.378.027
210;Waterlooplein;Tram;14 | 51 | 53 | 54;14|51|53|54;5;14 | 51 | 53 | 54 - Waterlooplein;POINT(4.902401 52.367349);POINT(52.367349 4.902401);4.902.401;52.367.349
211;Weesperplein;Tram;1 | 7 | 19 | 51 | 53 | 54;01|07|19|51|53|54;5;1 | 7 | 19 | 51 | 53 | 54 - Weesperplein;POINT(4.907978 52.361173);POINT(52.361173 4.907978);4.907.978;52.361.173
212;Amstelstation;Tram;12 | 51 | 53 | 54;12|51|53|54;5;12 | 51 | 53 | 54 - Amstelstation;POINT(4.918297 52.346663);POINT(52.346663 4.918297);4.918.297;52.346.663
213;Station Diemen-Zuid;Metro;53;53;7;53 - Station Diemen-Zuid;POINT(4.956447 52.33027);POINT(52.33027 4.956447);4.956.447;5.233.027
214;Bob Haarmslaan;Tram;26;26;5;26 - Bob Haarmslaan;POINT(4.968961 52.368939);POINT(52.368939 4.968961);4.968.961;52.368.939
215;Westermarkt;Tram;13 | 17;13|17;5;13 | 17 - Westermarkt;POINT(4.884106 52.374035);POINT(52.374035 4.884106);4.884.106;52.374.035
217;Europaplein;Metro;4 | 52;04|52;7;4 | 52 - Europaplein;POINT(4.891987 52.340218);POINT(52.340218 4.891987);4.891.987;52.340.218
218;Noorderpark;Metro;52;52;7;52 - Noorderpark;POINT(4.918652 52.388902);POINT(52.388902 4.918652);4.918.652;52.388.902
219;Noord;Metro;52;52;7;52 - Noord;POINT(4.932229 52.401877);POINT(52.401877 4.932229);4.932.229;52.401.877
220;Rokin;Metro;4 | 14 | 24 | 52;04|14|24|52;7;4 | 14 | 24 | 52 - Rokin;POINT(4.892378 52.3698);POINT(52.3698 4.892378);4.892.378;523.698
221;Vijzelgracht;Metro;1 | 7 | 19 | 24 | 52;01|07|19|24|52;7;1 | 7 | 19 | 24 | 52 - Vijzelgracht;POINT(4.890943 52.359632);POINT(52.359632 4.890943);4.890.943;52.359.632
222;De Pijp;Metro;3 | 12 | 24 | 52;03|12|24|52;7;3 | 12 | 24 | 52 - De Pijp;POINT(4.891107 52.35279);POINT(52.35279 4.891107);4.891.107;5.235.279
223;Museumplein;Tram;2 | 5 | 12;02|05|12;5;2 | 5 | 12 - Museumplein;POINT(4.8812322 52.3588611);POINT(52.3588611 4.8812322);48.812.322;523.588.611
224;Hugo de Grootplein;Tram;3;3;5;3 - Hugo de Grootplein;POINT(4.8727694 52.3746846);POINT(52.3746846 4.8727694);48.727.694;523.746.846
227;Drenthepark;Tram;4;4;5;4 - Drenthepark;POINT(4.8893095 52.3361529);POINT(52.3361529 4.8893095);48.893.095;523.361.529
228;Bloemgracht;Tram;5;5;5;5 - Bloemgracht;POINT(4.8764506 52.3743398);POINT(52.3743398 4.8764506);48.764.506;523.743.398
229;Jan van Galenstraat;Tram;7;7;5;7 - Jan van Galenstraat;POINT(4.8492708 52.3719979);POINT(52.3719979 4.8492708);48.492.708;523.719.979
231;De Rijpstraat;Tram;19;19;5;19 - De Rijpstraat;POINT(4.8578315 52.3771294);POINT(52.3771294 4.8578315);48.578.315;523.771.294
232;VUmc;Tram;24;24;5;24 - VUmc;POINT(4.8598291 52.3351784);POINT(52.3351784 4.8598291);48.598.291;523.351.784
233;Muntplein;Tram;24;24;5;24 - Muntplein;POINT(4.8931841 52.366371);POINT(52.366371 4.8931841);48.931.841;52.366.371
234;Kronenburg;Tram;5 | 25;05|25;5;5 | 25 - Kronenburg;POINT(4.8703396 52.3164517);POINT(52.3164517 4.8703396);48.703.396;523.164.517
235;Oranjebaan;Tram;5 | 25;05|25;5;5 | 25 - Oranjebaan;POINT(4.8717813 52.3029039);POINT(52.3029039 4.8717813);48.717.813;523.029.039
236;Eerste Marnixdwarsstraat;Tram;5;5;5;5 - Eerste Marnixdwarsstraat;POINT(4.8820335 52.3830358);POINT(52.3830358 4.8820335);48.820.335;523.830.358
237;Plantage Lepellaan;Tram;14;14;5;14 - Plantage Lepellaan;POINT(4.9154802 52.3651306);POINT(52.3651306 4.9154802);49.154.802;523.651.306
238;Ouderkerkslaan;Tram;25;25;5;25 - Ouderkerkslaan;POINT(4.8677556 52.2965852);POINT(52.2965852 4.8677556);48.677.556;522.965.852
239;Sportlaan;Tram;25;25;5;25 - Sportlaan;POINT(4.8636541 52.2901479);POINT(52.2901479 4.8636541);48.636.541;522.901.479
240;Meent;Tram;25;25;5;25 - Meent;POINT(4.8571498 52.2810117);POINT(52.2810117 4.8571498);48.571.498;522.810.117
241;Brink;Tram;25;25;5;25 - Brink;POINT(4.8518489 52.2805421);POINT(52.2805421 4.8518489);48.518.489;522.805.421
242;Poortwachter;Tram;25;25;5;25 - Poortwachter;POINT(4.8454439 52.2832311);POINT(52.2832311 4.8454439);48.454.439;522.832.311
243;Sacharovlaan;Tram;25;25;5;25 - Sacharovlaan;POINT(4.8324823 52.2822746);POINT(52.2822746 4.8324823);48.324.823;522.822.746
244;Westwijk;Tram;25;25;5;25 - Westwijk;POINT(4.8307936 52.2745937);POINT(52.2745937 4.8307936);48.307.936;522.745.937
